,id,chiral?,enantiomer,
0,0030211000,yes,0031000210,,,,,
1,0000210310,yes,0000310210,,,,,
2,0002110030,yes,0000032110,,,,,
3,0010300210,yes,0010210300,,,,,
4,0020030101,yes,0020100031,,,,,
5,0000210130,yes,0000130210,,,,,
6,0010201003,yes,0011000203,,,,,
7,0021003001,yes,0023001001,,,,,
8,0103002001,yes,0102003001,,,,,
9,0020100103,no,,,,,,
10,0010201300,yes,0011300200,,,,,
11,0020031001,yes,0021000031,,,,,
12,0023001010,yes,0021013000,,,,,
13,0030101200,yes,0031200100,,,,,
14,0003210100,yes,0000103210,,,,,
15,0001032010,yes,0002011030,,,,,
16,0020030110,yes,0020110030,,,,,
17,0000210103,yes,0000100213,,,,,
18,0201003010,yes,0203011000,,,,,
19,0100103002,no,,,,,,
20,0001201003,yes,0001001203,,,,,
21,0001020301,yes,0000301021,,,,,
22,0000231010,yes,0001010230,,,,,
23,0000311002,yes,0001000312,,,,,
24,0013000120,yes,0010123000,,,,,
25,0102000130,yes,0100132000,,,,,
26,0021000301,yes,0020301001,,,,,
27,0301201000,yes,0301001200,,,,,
28,0003000121,yes,0000123001,,,,,
29,0001000312,yes,0000311002,,,,,
30,0020113000,yes,0023000110,,,,,
31,0011000230,yes,0010231000,,,,,
32,0000011032,yes,0001030012,,,,,
33,0023001001,yes,0021003001,,,,,
34,0002010103,yes,0000102013,,,,,
35,0001012030,yes,0002031010,,,,,
36,0031002100,yes,0032101000,,,,,
37,0101003200,yes,0103201000,,,,,
38,0010012300,no,,,,,,
39,0020301010,yes,0021010300,,,,,
40,0032000110,yes,0030112000,,,,,
41,0000301210,yes,0001210300,,,,,
42,0012030100,yes,0010102030,,,,,
43,0000010312,yes,0000310012,,,,,
44,0100300201,yes,0100200301,,,,,
45,0010020130,yes,0010130020,,,,,
46,0001020013,yes,0000011023,,,,,
47,0003020110,yes,0000113020,,,,,
48,0000021310,yes,0001310020,,,,,
49,0201000301,yes,0200301001,,,,,
50,0000001312,no,,,,,,
51,0011000203,yes,0010201003,,,,,
52,0000210013,yes,0000010213,,,,,
53,0010032010,yes,0012010030,,,,,
54,0100100203,no,,,,,,
55,0010213000,yes,0013000210,,,,,
56,1002001030,yes,1001032000,,,,,
57,0103201000,yes,0101003200,,,,,
58,0011002030,yes,0012031000,,,,,
59,0000013201,yes,0003200011,,,,,
60,0001031020,yes,0001021030,,,,,
61,0003012100,yes,0002103010,,,,,
62,0010320100,yes,0010100320,,,,,
63,0100201003,yes,0101000203,,,,,
64,0001102003,yes,0002001103,,,,,
65,0002013010,yes,0003012010,,,,,
66,0000203101,yes,0003100201,,,,,
67,0010100032,yes,0010030102,,,,,
68,0003010102,yes,0000103012,,,,,
69,1012003000,yes,1013002000,,,,,
70,0013012000,yes,0012003010,,,,,
71,0001200301,yes,0000301201,,,,,
72,0301001002,no,,,,,,
73,0030100210,yes,0030210100,,,,,
74,0000102130,yes,0002130100,,,,,
75,0000312010,yes,0002010310,,,,,
76,0020103010,yes,0023010100,,,,,
77,0021100300,yes,0020301100,,,,,
78,1002013000,yes,1003002010,,,,,
79,0003010012,yes,0000013012,,,,,
80,0002010013,yes,0000012013,,,,,
81,0030120100,yes,0030100120,,,,,
82,0000112300,yes,0002300110,,,,,
83,0001300210,yes,0000211300,,,,,
84,0010023010,yes,0013010020,,,,,
85,1001032000,yes,1002001030,,,,,
86,0000101203,yes,0001200103,,,,,
87,0023000101,yes,0020103001,,,,,
88,0000310201,yes,0000200311,,,,,
89,0103000201,yes,0100203001,,,,,
90,0000030112,yes,0000110032,,,,,
91,0101030200,yes,0100201030,,,,,
92,0012100030,yes,0010032100,,,,,
93,0002013100,yes,0003102010,,,,,
94,0000100231,yes,0000230101,,,,,
95,0211003000,yes,0213001000,,,,,
96,0002013001,yes,0003002011,,,,,
97,0102031000,yes,0101002030,,,,,
98,1001023000,yes,1003001020,,,,,
99,0000320101,yes,0000100321,,,,,
100,0101020300,yes,0100301020,,,,,
101,0010130200,yes,0010200130,,,,,
102,0000131020,yes,0001020130,,,,,
103,0001201300,yes,0001301200,,,,,
104,0000301021,yes,0001020301,,,,,
105,0001002103,yes,0002101003,,,,,
106,0100103020,no,,,,,,
107,0002010031,yes,0000032011,,,,,
108,0000130012,yes,0000010132,,,,,
109,0100103200,no,,,,,,
110,0000113002,yes,0003000112,,,,,
111,0002101300,yes,0001302100,,,,,
112,0012001030,yes,0011032000,,,,,
113,0000001123,no,,,,,,
114,0113002000,yes,0112003000,,,,,
115,0000120130,yes,0000130120,,,,,
116,0000210301,yes,0000300211,,,,,
117,0201100300,yes,0200301100,,,,,
118,0010020103,yes,0010100023,,,,,
119,0001031002,yes,0001001032,,,,,
120,0001021003,yes,0001001023,,,,,
121,0000130021,yes,0000020131,,,,,
122,0030201001,yes,0031000201,,,,,
123,0201000310,yes,0200311000,,,,,
124,0003210010,yes,0000013210,,,,,
125,0002001301,yes,0001302001,,,,,
126,0001100023,yes,0000021103,,,,,
127,0012001003,yes,0011002003,,,,,
128,0000120310,yes,0000310120,,,,,
129,0012000130,yes,0010132000,,,,,
130,0002003110,yes,0003112000,,,,,
131,0100300210,yes,0100210300,,,,,
132,0302001100,yes,0301102000,,,,,
133,0001012300,yes,0002301010,,,,,
134,0103000120,yes,0100123000,,,,,
135,0001320010,yes,0000011320,,,,,
136,0001310020,yes,0000021310,,,,,
137,0000001231,no,,,,,,
138,0000001132,no,,,,,,
139,0000012130,yes,0002130010,,,,,
140,1003001020,yes,1001023000,,,,,
141,0010020301,yes,0010300021,,,,,
142,0100203001,yes,0103000201,,,,,
143,0000121003,yes,0001000123,,,,,
144,0210301000,yes,0211000300,,,,,
145,1003102000,yes,1002003100,,,,,
146,0002100301,yes,0000302101,,,,,
147,0010200103,yes,0010100203,,,,,
148,0020110300,yes,0020300110,,,,,
149,0003110020,yes,0000023110,,,,,
150,0000132010,yes,0002010130,,,,,
151,0000010321,yes,0000320011,,,,,
152,0010100203,yes,0010200103,,,,,
153,0000002131,no,,,,,,
154,0102003010,yes,0103012000,,,,,
155,0010013002,no,,,,,,
156,0011302000,yes,0012001300,,,,,
157,0001003201,yes,0003201001,,,,,
158,0000012013,yes,0002010013,,,,,
159,0001203100,yes,0003101200,,,,,
160,0302011000,yes,0301002010,,,,,
161,0003001102,yes,0001103002,,,,,
162,0002100103,yes,0000102103,,,,,
163,0000132100,yes,0002100130,,,,,
164,0000310102,yes,0000100312,,,,,
165,0001213000,yes,0003001210,,,,,
166,0000120103,yes,0000100123,,,,,
167,0001130200,yes,0000201130,,,,,
168,0010103020,yes,0013020100,,,,,
169,0002001013,yes,0001012003,,,,,
170,0013200100,yes,0010103200,,,,,
171,0010103002,yes,0013000102,,,,,
172,0002300101,yes,0000102301,,,,,
173,0003001210,yes,0001213000,,,,,
174,0002031100,yes,0001102030,,,,,
175,0000013012,yes,0003010012,,,,,
176,0000110320,yes,0000320110,,,,,
177,0021003010,yes,0023011000,,,,,
178,0001021300,yes,0001301020,,,,,
179,0000010213,yes,0000210013,,,,,
180,0001103002,yes,0003001102,,,,,
181,0013001020,yes,0011023000,,,,,
182,0010300021,yes,0010020301,,,,,
183,0203001100,yes,0201103000,,,,,
184,0002030101,yes,0000102031,,,,,
185,1003012000,yes,1002003010,,,,,
186,0113000200,yes,0110203000,,,,,
187,0010301200,yes,0011200300,,,,,
188,0000230101,yes,0000100231,,,,,
189,0030200101,yes,0030100201,,,,,
190,0301002010,yes,0302011000,,,,,
191,0000013210,yes,0003210010,,,,,
192,0012031000,yes,0011002030,,,,,
193,0000021301,yes,0001300021,,,,,
194,0000302110,yes,0002110300,,,,,
195,0011200030,yes,0010031200,,,,,
196,1002003010,yes,1003012000,,,,,
197,0002101030,yes,0001032100,,,,,
198,0003120100,yes,0000103120,,,,,
199,0020300101,yes,0020100301,,,,,
200,0000120301,yes,0000300121,,,,,
201,0010201030,yes,0011030200,,,,,
202,0001020103,yes,0000101023,,,,,
203,0001003120,yes,0003121000,,,,,
204,0002131000,yes,0001002130,,,,,
205,0001200103,yes,0000101203,,,,,
206,0201010300,yes,0200301010,,,,,
207,0001302100,yes,0002101300,,,,,
208,0023100100,yes,0020103100,,,,,
209,0000301102,yes,0001100302,,,,,
210,0030101020,yes,0031020100,,,,,
211,0010030021,yes,0010020031,,,,,
212,0301001020,yes,0301021000,,,,,
213,0003002011,yes,0002013001,,,,,
214,0000023101,yes,0003100021,,,,,
215,0000200131,yes,0000130201,,,,,
216,0020101030,yes,0021030100,,,,,
217,0010013200,no,,,,,,
218,0000300112,yes,0000110302,,,,,
219,0013000201,yes,0010203001,,,,,
220,0000113020,yes,0003020110,,,,,
221,0001100320,yes,0000321100,,,,,
222,0001123000,yes,0003001120,,,,,
223,0002301100,yes,0001102300,,,,,
224,0000003112,no,,,,,,
225,0001013020,yes,0003021010,,,,,
226,0102001300,yes,0101302000,,,,,
227,0000211300,yes,0001300210,,,,,
228,0030100120,yes,0030120100,,,,,
229,0001310200,yes,0000201310,,,,,
230,0003012001,yes,0002003011,,,,,
231,0012010030,yes,0010032010,,,,,
232,0000100123,yes,0000120103,,,,,
233,0003211000,yes,0001003210,,,,,
234,0000302011,yes,0002010301,,,,,
235,0000011203,yes,0001200013,,,,,
236,0123001000,yes,0121003000,,,,,
237,0031000210,yes,0030211000,,,,,
238,0001001320,yes,0001321000,,,,,
239,0001203001,yes,0003001201,,,,,
240,0000003211,no,,,,,,
241,0100201300,yes,0101300200,,,,,
242,0021013000,yes,0023001010,,,,,
243,0012000310,yes,0010312000,,,,,
244,0001132000,yes,0002001130,,,,,
245,0101002300,yes,0102301000,,,,,
246,0021001030,yes,0021031000,,,,,
247,0000301012,yes,0001010302,,,,,
248,0021300100,yes,0020101300,,,,,
249,0101000230,yes,0100231000,,,,,
250,0002001310,yes,0001312000,,,,,
251,0003001021,yes,0001023001,,,,,
252,0002003101,yes,0003102001,,,,,
253,0001301002,yes,0001001302,,,,,
254,0003100012,yes,0000013102,,,,,
255,0101200300,yes,0100301200,,,,,
256,0011003020,yes,0013021000,,,,,
257,0110203000,yes,0113000200,,,,,
258,0001001203,yes,0001201003,,,,,
259,0010302001,yes,0012000301,,,,,
260,0001010032,yes,0000031012,,,,,
261,0000312100,yes,0002100310,,,,,
262,0000102013,yes,0002010103,,,,,
263,0011030020,yes,0010021030,,,,,
264,0001030021,yes,0000021031,,,,,
265,0011000032,yes,0010031002,,,,,
266,0120301000,yes,0121000300,,,,,
267,0130201000,yes,0131000200,,,,,
268,0001200310,yes,0000311200,,,,,
269,0011300200,yes,0010201300,,,,,
270,0000203011,yes,0003010201,,,,,
271,0001210300,yes,0000301210,,,,,
272,0021000103,yes,0020101003,,,,,
273,0010020310,yes,0010310020,,,,,
274,0000001321,no,,,,,,
275,0100130200,yes,0100200130,,,,,
276,0002103100,yes,0003102100,,,,,
277,0100312000,yes,0102000310,,,,,
278,0011002300,yes,0012301000,,,,,
279,0001002130,yes,0002131000,,,,,
280,0200301010,yes,0201010300,,,,,
281,0031000120,yes,0030121000,,,,,
282,0000003121,no,,,,,,
283,0002100013,yes,0000012103,,,,,
284,0100132000,yes,0102000130,,,,,
285,0010010203,no,,,,,,
286,0012013000,yes,0013002010,,,,,
287,0000310012,yes,0000010312,,,,,
288,0001002031,yes,0002031001,,,,,
289,0010203010,yes,0013010200,,,,,
290,0002011003,yes,0001002013,,,,,
291,0000120013,yes,0000010123,,,,,
292,0002113000,yes,0003002110,,,,,
293,0010100302,yes,0010300102,,,,,
294,0010301020,yes,0011020300,,,,,
295,0000103102,yes,0003100102,,,,,
296,0000123001,yes,0003000121,,,,,
297,0100102003,no,,,,,,
298,0031001020,yes,0031021000,,,,,
299,0013102000,yes,0012003100,,,,,
300,0013100020,yes,0010023100,,,,,
301,0010032001,yes,0012000031,,,,,
302,0201003001,yes,0203001001,,,,,
303,0100201030,yes,0101030200,,,,,
304,0011002003,yes,0012001003,,,,,
305,0102000301,yes,0100302001,,,,,
306,0001020031,yes,0000031021,,,,,
307,0000311020,yes,0001020310,,,,,
308,0003201010,yes,0001013200,,,,,
309,0001021030,yes,0001031020,,,,,
310,0001002310,yes,0002311000,,,,,
311,0002003011,yes,0003012001,,,,,
312,0003011002,yes,0001003012,,,,,
313,0001001302,yes,0001301002,,,,,
314,0001201030,yes,0001031200,,,,,
315,0001010302,yes,0000301012,,,,,
316,0013002001,yes,0012003001,,,,,
317,0031002001,yes,0032001001,,,,,
318,1002003100,yes,1003102000,,,,,
319,1003001200,yes,1001203000,,,,,
320,0102001030,yes,0101032000,,,,,
321,0000301120,yes,0001120300,,,,,
322,0002011300,yes,0001302010,,,,,
323,0002030110,yes,0000112030,,,,,
324,0032100100,yes,0030102100,,,,,
325,0012010300,yes,0010302010,,,,,
326,0203001001,yes,0201003001,,,,,
327,0020101300,yes,0021300100,,,,,
328,0030201100,yes,0031100200,,,,,
329,0010030201,yes,0010200031,,,,,
330,0003021100,yes,0001103020,,,,,
331,0001003102,yes,0003101002,,,,,
332,0100231000,yes,0101000230,,,,,
333,0000023011,yes,0003010021,,,,,
334,0001100032,yes,0000031102,,,,,
335,0000321100,yes,0001100320,,,,,
336,0011300020,yes,0010021300,,,,,
337,0100200310,yes,0100310200,,,,,
338,0102003100,yes,0103102000,,,,,
339,0003101200,yes,0001203100,,,,,
340,0032010100,yes,0030102010,,,,,
341,0010203001,yes,0013000201,,,,,
342,0000101302,yes,0001300102,,,,,
343,0001230010,yes,0000011230,,,,,
344,0110300200,yes,0110200300,,,,,
345,0000200113,yes,0000110203,,,,,
346,0031100200,yes,0030201100,,,,,
347,0001200130,yes,0000131200,,,,,
348,0000312001,yes,0002000311,,,,,
349,0001120300,yes,0000301120,,,,,
350,0031020100,yes,0030101020,,,,,
351,0020103100,yes,0023100100,,,,,
352,0000310120,yes,0000120310,,,,,
353,0001100203,yes,0000201103,,,,,
354,0000123100,yes,0003100120,,,,,
355,0003001120,yes,0001123000,,,,,
356,1003002100,yes,1002103000,,,,,
357,0003201100,yes,0001103200,,,,,
358,0010230100,yes,0010100230,,,,,
359,0132001000,yes,0131002000,,,,,
360,0201103000,yes,0203001100,,,,,
361,0000032011,yes,0002010031,,,,,
362,0002300011,yes,0000012301,,,,,
363,0000131200,yes,0001200130,,,,,
364,0020100310,yes,0020310100,,,,,
365,0102100300,yes,0100302100,,,,,
366,0003101020,yes,0001023100,,,,,
367,0103001020,yes,0101023000,,,,,
368,1013002000,yes,1012003000,,,,,
369,0101023000,yes,0103001020,,,,,
370,0201001030,yes,0201031000,,,,,
371,0011020300,yes,0010301020,,,,,
372,0201001300,yes,0201301000,,,,,
373,0000013120,yes,0003120010,,,,,
374,1003002001,yes,1002003001,,,,,
375,0110200300,yes,0110300200,,,,,
376,0001300021,yes,0000021301,,,,,
377,0021103000,yes,0023001100,,,,,
378,0031012000,yes,0032001010,,,,,
379,1102003000,yes,1103002000,,,,,
380,0002310010,yes,0000012310,,,,,
381,0030210100,yes,0030100210,,,,,
382,0032000101,yes,0030102001,,,,,
383,0010103200,yes,0013200100,,,,,
384,0010012003,no,,,,,,
385,0101002003,yes,0102001003,,,,,
386,0030102001,yes,0032000101,,,,,
387,0002301010,yes,0001012300,,,,,
388,0031000201,yes,0030201001,,,,,
389,0023000110,yes,0020113000,,,,,
390,0100301200,yes,0101200300,,,,,
391,0020311000,yes,0021000310,,,,,
392,0000213010,yes,0003010210,,,,,
393,0012301000,yes,0011002300,,,,,
394,0000120031,yes,0000030121,,,,,
395,0002103010,yes,0003012100,,,,,
396,0003200110,yes,0000113200,,,,,
397,0013201000,yes,0011003200,,,,,
398,0021000310,yes,0020311000,,,,,
399,0031021000,yes,0031001020,,,,,
400,0010021030,yes,0011030020,,,,,
401,0000031021,yes,0001020031,,,,,
402,0003200011,yes,0000013201,,,,,
403,0000002311,no,,,,,,
404,0013020100,yes,0010103020,,,,,
405,0001000123,yes,0000121003,,,,,
406,0001300120,yes,0000121300,,,,,
407,0000201130,yes,0001130200,,,,,
408,0001312000,yes,0002001310,,,,,
409,0000201031,yes,0001030201,,,,,
410,1002001300,yes,1001302000,,,,,
411,0001010230,yes,0000231010,,,,,
412,0201031000,yes,0201001030,,,,,
413,0000113200,yes,0003200110,,,,,
414,0000302101,yes,0002100301,,,,,
415,0103102000,yes,0102003100,,,,,
416,0103012000,yes,0102003010,,,,,
417,0032001001,yes,0031002001,,,,,
418,1001002030,no,,,,,,
419,0200301100,yes,0201100300,,,,,
420,0000231100,yes,0001100230,,,,,
421,0011203000,yes,0013001200,,,,,
422,0000011320,yes,0001320010,,,,,
423,0030102100,yes,0032100100,,,,,
424,0002010130,yes,0000132010,,,,,
425,0201001003,no,,,,,,
426,0003112000,yes,0002003110,,,,,
427,0103000210,yes,0100213000,,,,,
428,0011023000,yes,0013001020,,,,,
429,0031201000,yes,0031001200,,,,,
430,0001031200,yes,0001201030,,,,,
431,0002001130,yes,0001132000,,,,,
432,0000311200,yes,0001200310,,,,,
433,0010100023,yes,0010020103,,,,,
434,0302001001,yes,0301002001,,,,,
435,0002100130,yes,0000132100,,,,,
436,0100302100,yes,0102100300,,,,,
437,0010031020,yes,0011020030,,,,,
438,0103001200,yes,0101203000,,,,,
439,0200301001,yes,0201000301,,,,,
440,1001002003,no,,,,,,
441,0000230110,yes,0000110230,,,,,
442,0201013000,yes,0203001010,,,,,
443,0012000031,yes,0010032001,,,,,
444,0011003200,yes,0013201000,,,,,
445,0020101003,yes,0021000103,,,,,
446,0000021130,yes,0001130020,,,,,
447,0001000321,yes,0000321001,,,,,
448,1001003200,no,,,,,,
449,0010130020,yes,0010020130,,,,,
450,0010120030,yes,0010030120,,,,,
451,0000130102,yes,0000100132,,,,,
452,0000201301,yes,0001300201,,,,,
453,0112000300,yes,0110302000,,,,,
454,0131002000,yes,0132001000,,,,,
455,0000001213,no,,,,,,
456,0010010302,no,,,,,,
457,0001200031,yes,0000031201,,,,,
458,0010312000,yes,0012000310,,,,,
459,0012003010,yes,0013012000,,,,,
460,0000132001,yes,0002000131,,,,,
461,0000030211,yes,0000210031,,,,,
462,0000032110,yes,0002110030,,,,,
463,0100300120,yes,0100120300,,,,,
464,0103100200,yes,0100203100,,,,,
465,0010010320,no,,,,,,
466,0012003001,yes,0013002001,,,,,
467,0001301020,yes,0001021300,,,,,
468,0010300102,yes,0010100302,,,,,
469,0000201103,yes,0001100203,,,,,
470,0001300201,yes,0000201301,,,,,
471,0003201001,yes,0001003201,,,,,
472,0031000102,yes,0030101002,,,,,
473,0003002101,yes,0002103001,,,,,
474,0101302000,yes,0102001300,,,,,
475,0001100302,yes,0000301102,,,,,
476,0001001230,yes,0001231000,,,,,
477,0121003000,yes,0123001000,,,,,
478,0002110300,yes,0000302110,,,,,
479,0002001031,yes,0001032001,,,,,
480,0020300110,yes,0020110300,,,,,
481,0000320011,yes,0000010321,,,,,
482,0010210300,yes,0010300210,,,,,
483,1001003002,no,,,,,,
484,0000021103,yes,0001100023,,,,,
485,0010300120,yes,0010120300,,,,,
486,0102003001,yes,0103002001,,,,,
487,0000020113,yes,0000110023,,,,,
488,0213001000,yes,0211003000,,,,,
489,0000310021,yes,0000020311,,,,,
490,0000011230,yes,0001230010,,,,,
491,0100302001,yes,0102000301,,,,,
492,0010102003,yes,0012000103,,,,,
493,0102001003,yes,0101002003,,,,,
494,0000110023,yes,0000020113,,,,,
495,0101300200,yes,0100201300,,,,,
496,0002300110,yes,0000112300,,,,,
497,0321001000,no,,,,,,
498,0003100021,yes,0000023101,,,,,
499,0002000113,yes,0000112003,,,,,
500,0003200101,yes,0000103201,,,,,
501,0001203010,yes,0003011200,,,,,
502,0000010123,yes,0000120013,,,,,
503,0002301001,yes,0001002301,,,,,
504,0000211030,yes,0001030210,,,,,
505,0021003100,yes,0023101000,,,,,
506,0013000021,yes,0010023001,,,,,
507,0000011023,yes,0001020013,,,,,
508,0003100210,yes,0000213100,,,,,
509,0020131000,yes,0021000130,,,,,
510,0020110030,yes,0020030110,,,,,
511,0000210031,yes,0000030211,,,,,
512,0301002100,yes,0302101000,,,,,
513,0002100031,yes,0000032101,,,,,
514,0000100213,yes,0000210103,,,,,
515,0101000302,yes,0100301002,,,,,
516,0010123000,yes,0013000120,,,,,
517,0031200100,yes,0030101200,,,,,
518,0001023010,yes,0003011020,,,,,
519,0010100230,yes,0010230100,,,,,
520,0301021000,yes,0301001020,,,,,
521,0010200031,yes,0010030201,,,,,
522,0001010023,yes,0000021013,,,,,
523,0003110200,yes,0000203110,,,,,
524,0020301001,yes,0021000301,,,,,
525,0031001200,yes,0031201000,,,,,
526,0203011000,yes,0201003010,,,,,
527,0000131002,yes,0001000132,,,,,
528,0021031000,yes,0021001030,,,,,
529,0021010300,yes,0020301010,,,,,
530,0001010203,yes,0000201013,,,,,
531,0100102030,no,,,,,,
532,0011032000,yes,0012001030,,,,,
533,0003020011,yes,0000013021,,,,,
534,0000231001,yes,0001000231,,,,,
535,0211000300,yes,0210301000,,,,,
536,0003000211,yes,0000213001,,,,,
537,0010203100,yes,0013100200,,,,,
538,0021000031,yes,0020031001,,,,,
539,0000230011,yes,0000010231,,,,,
540,0011003002,yes,0013001002,,,,,
541,0312001000,yes,0311002000,,,,,
542,0031001002,no,,,,,,
543,0000012310,yes,0002310010,,,,,
544,0002010301,yes,0000302011,,,,,
545,0100302010,yes,0102010300,,,,,
546,0100200301,yes,0100300201,,,,,
547,0000010132,yes,0000130012,,,,,
548,0010132000,yes,0012000130,,,,,
549,0013010200,yes,0010203010,,,,,
550,0003100102,yes,0000103102,,,,,
551,0010030210,yes,0010210030,,,,,
552,0003120010,yes,0000013120,,,,,
553,0000310210,yes,0000210310,,,,,
554,0021000130,yes,0020131000,,,,,
555,0000020311,yes,0000310021,,,,,
556,0000321010,yes,0001010320,,,,,
557,0003010210,yes,0000213010,,,,,
558,0000320110,yes,0000110320,,,,,
559,0000031102,yes,0001100032,,,,,
560,0023010100,yes,0020103010,,,,,
561,0000101023,yes,0001020103,,,,,
562,0001030120,yes,0000121030,,,,,
563,0002100310,yes,0000312100,,,,,
564,0000103210,yes,0003210100,,,,,
565,0010032100,yes,0012100030,,,,,
566,0012003100,yes,0013102000,,,,,
567,0101000320,yes,0100321000,,,,,
568,0013000210,yes,0010213000,,,,,
569,0001030102,yes,0000101032,,,,,
570,0010023100,yes,0013100020,,,,,
571,0012103000,yes,0013002100,,,,,
572,0000002113,no,,,,,,
573,0101002030,yes,0102031000,,,,,
574,1103002000,yes,1102003000,,,,,
575,0010010023,no,,,,,,
576,0011000302,yes,0010301002,,,,,
577,0032011000,yes,0031002010,,,,,
578,0003002110,yes,0002113000,,,,,
579,0020103001,yes,0023000101,,,,,
580,0000101032,yes,0001030102,,,,,
581,0010102030,yes,0012030100,,,,,
582,0000100312,yes,0000310102,,,,,
583,0100301002,yes,0101000302,,,,,
584,0000112030,yes,0002030110,,,,,
585,0103001002,yes,0101003002,,,,,
586,0001020130,yes,0000131020,,,,,
587,0023101000,yes,0021003100,,,,,
588,0021030100,yes,0020101030,,,,,
589,0000130120,yes,0000120130,,,,,
590,0010200130,yes,0010130200,,,,,
591,0000110302,yes,0000300112,,,,,
592,0000011302,yes,0001300012,,,,,
593,0020301100,yes,0021100300,,,,,
594,0001103020,yes,0003021100,,,,,
595,0003100201,yes,0000203101,,,,,
596,0000103012,yes,0003010102,,,,,
597,0030121000,yes,0031000120,,,,,
598,0001210030,yes,0000031210,,,,,
599,0011200300,yes,0010301200,,,,,
600,0001321000,yes,0001001320,,,,,
601,0101000203,yes,0100201003,,,,,
602,0001003012,yes,0003011002,,,,,
603,0000300211,yes,0000210301,,,,,
604,0101003020,yes,0103021000,,,,,
605,0030201010,yes,0031010200,,,,,
606,0000211003,yes,0001000213,,,,,
607,0001023001,yes,0003001021,,,,,
608,0002130100,yes,0000102130,,,,,
609,0010020031,yes,0010030021,,,,,
610,0203001010,yes,0201013000,,,,,
611,0020100301,yes,0020300101,,,,,
612,0201301000,yes,0201001300,,,,,
613,0100100230,no,,,,,,
614,0102000310,yes,0100312000,,,,,
615,0003101002,yes,0001003102,,,,,
616,0000130201,yes,0000200131,,,,,
617,0001200013,yes,0000011203,,,,,
618,0110302000,yes,0112000300,,,,,
619,0000013102,yes,0003100012,,,,,
620,0001130020,yes,0000021130,,,,,
621,0001012003,yes,0002001013,,,,,
622,0013001002,yes,0011003002,,,,,
623,0031102000,yes,0032001100,,,,,
624,0012300100,yes,0010102300,,,,,
625,1003002010,yes,1002013000,,,,,
626,0002000131,yes,0000132001,,,,,
627,0001013002,yes,0003001012,,,,,
628,0001020310,yes,0000311020,,,,,
629,0003121000,yes,0001003120,,,,,
630,0301012000,yes,0302001010,,,,,
631,0023001100,yes,0021103000,,,,,
632,0010030120,yes,0010120030,,,,,
633,0000012103,yes,0002100013,,,,,
634,0001120030,yes,0000031120,,,,,
635,0100203010,yes,0103010200,,,,,
636,0001003210,yes,0003211000,,,,,
637,0003021010,yes,0001013020,,,,,
638,0010310200,yes,0010200310,,,,,
639,0010021300,yes,0011300020,,,,,
640,0103002010,yes,0102013000,,,,,
641,0100321000,yes,0101000320,,,,,
642,0000110230,yes,0000230110,,,,,
643,0100200130,yes,0100130200,,,,,
644,0000213100,yes,0003100210,,,,,
645,0012001300,yes,0011302000,,,,,
646,0000103120,yes,0003120100,,,,,
647,0003021001,yes,0001003021,,,,,
648,0020100031,yes,0020030101,,,,,
649,0010021003,yes,0011000023,,,,,
650,0010013020,no,,,,,,
651,0031010200,yes,0030201010,,,,,
652,0003001201,yes,0001203001,,,,,
653,0032101000,yes,0031002100,,,,,
654,0013001200,yes,0011203000,,,,,
655,0010200310,yes,0010310200,,,,,
656,0012000103,yes,0010102003,,,,,
657,0003011200,yes,0001203010,,,,,
658,0000020131,yes,0000130021,,,,,
659,1001003020,no,,,,,,
660,0103002100,yes,0102103000,,,,,
661,0000112003,yes,0002000113,,,,,
662,0100120300,yes,0100300120,,,,,
663,0001300012,yes,0000011302,,,,,
664,0001003021,yes,0003021001,,,,,
665,0010321000,yes,0011000320,,,,,
666,0003011020,yes,0001023010,,,,,
667,0302001010,yes,0301012000,,,,,
668,0013002010,yes,0012013000,,,,,
669,0020031100,yes,0021100030,,,,,
670,0010100320,yes,0010320100,,,,,
671,0101203000,yes,0103001200,,,,,
672,0000021031,yes,0001030021,,,,,
673,0021001003,no,,,,,,
674,0000012031,yes,0002030011,,,,,
675,0000012301,yes,0002300011,,,,,
676,0001032001,yes,0002001031,,,,,
677,0003010201,yes,0000203011,,,,,
678,0000123010,yes,0003010120,,,,,
679,0000100321,yes,0000320101,,,,,
680,0012100300,yes,0010302100,,,,,
681,0002311000,yes,0001002310,,,,,
682,0001103200,yes,0003201100,,,,,
683,0112003000,yes,0113002000,,,,,
684,0100203100,yes,0103100200,,,,,
685,0001030210,yes,0000211030,,,,,
686,0010120300,yes,0010300120,,,,,
687,0003102010,yes,0002013100,,,,,
688,0001000132,yes,0000131002,,,,,
689,0030110200,yes,0030200110,,,,,
690,0030102010,yes,0032010100,,,,,
691,0002310100,yes,0000102310,,,,,
692,0001000213,yes,0000211003,,,,,
693,1002003001,yes,1003002001,,,,,
694,0100100302,no,,,,,,
695,1001002300,no,,,,,,
696,0010310020,yes,0010020310,,,,,
697,0000213001,yes,0003000211,,,,,
698,0002130010,yes,0000012130,,,,,
699,0010300201,yes,0010200301,,,,,
700,0011000320,yes,0010321000,,,,,
701,0011000023,yes,0010021003,,,,,
702,0000121030,yes,0001030120,,,,,
703,0001002301,yes,0002301001,,,,,
704,0010302010,yes,0012010300,,,,,
705,0000100132,yes,0000130102,,,,,
706,0002031010,yes,0001012030,,,,,
707,0000102103,yes,0002100103,,,,,
708,0000031120,yes,0001120030,,,,,
709,0013000102,yes,0010103002,,,,,
710,1001302000,yes,1002001300,,,,,
711,0002001103,yes,0001102003,,,,,
712,0001000231,yes,0000231001,,,,,
713,0001023100,yes,0003101020,,,,,
714,0000110032,yes,0000030112,,,,,
715,0021100030,yes,0020031100,,,,,
716,0010210030,yes,0010030210,,,,,
717,0002031001,yes,0001002031,,,,,
718,0010102300,yes,0012300100,,,,,
719,0003012010,yes,0002013010,,,,,
720,0000110203,yes,0000200113,,,,,
721,0010010032,no,,,,,,
722,0000103201,yes,0003200101,,,,,
723,0001010320,yes,0000321010,,,,,
724,0030100102,no,,,,,,
725,0000031210,yes,0001210030,,,,,
726,0200311000,yes,0201000310,,,,,
727,0010031002,yes,0011000032,,,,,
728,0001230100,yes,0000101230,,,,,
729,0010030102,yes,0010100032,,,,,
730,0001001023,yes,0001021003,,,,,
731,0010231000,yes,0011000230,,,,,
732,0020100130,yes,0020130100,,,,,
733,0021010030,yes,0020031010,,,,,
734,0032001100,yes,0031102000,,,,,
735,0013021000,yes,0011003020,,,,,
736,0001320100,yes,0000101320,,,,,
737,0000102310,yes,0002310100,,,,,
738,0101032000,yes,0102001030,,,,,
739,0002103001,yes,0003002101,,,,,
740,0301002001,yes,0302001001,,,,,
741,0010031200,yes,0011200030,,,,,
742,0100100320,no,,,,,,
743,0011030200,yes,0010201030,,,,,
744,0032001010,yes,0031012000,,,,,
745,0010302100,yes,0012100300,,,,,
746,0030112000,yes,0032000110,,,,,
747,0001102300,yes,0002301100,,,,,
748,0103010200,yes,0100203010,,,,,
749,0231001000,no,,,,,,
750,0011020030,yes,0010031020,,,,,
751,0000023110,yes,0003110020,,,,,
752,0000102301,yes,0002300101,,,,,
753,0001302001,yes,0002001301,,,,,
754,0012000301,yes,0010302001,,,,,
755,0000301201,yes,0001200301,,,,,
756,0000101320,yes,0001320100,,,,,
757,0002030011,yes,0000012031,,,,,
758,0020130100,yes,0020100130,,,,,
759,0302101000,yes,0301002100,,,,,
760,0000010231,yes,0000230011,,,,,
761,0301001200,yes,0301201000,,,,,
762,0000121300,yes,0001300120,,,,,
763,0102103000,yes,0103002100,,,,,
764,0000013021,yes,0003020011,,,,,
765,0102013000,yes,0103002010,,,,,
766,0000203110,yes,0003110200,,,,,
767,0001300102,yes,0000101302,,,,,
768,0021301000,yes,0021001300,,,,,
769,0000103021,yes,0003020101,,,,,
770,0003020101,yes,0000103021,,,,,
771,0003010120,yes,0000123010,,,,,
772,0023011000,yes,0021003010,,,,,
773,0010200301,yes,0010300201,,,,,
774,0001030201,yes,0000201031,,,,,
775,0021001300,yes,0021301000,,,,,
776,0001002013,yes,0002011003,,,,,
777,0031002010,yes,0032011000,,,,,
778,0131000200,yes,0130201000,,,,,
779,0020310100,yes,0020100310,,,,,
780,0001013200,yes,0003201010,,,,,
781,0003100120,yes,0000123100,,,,,
782,0001102030,yes,0002031100,,,,,
783,0001030012,yes,0000011032,,,,,
784,0010301002,yes,0011000302,,,,,
785,0000130210,yes,0000210130,,,,,
786,0013002100,yes,0012103000,,,,,
787,1001203000,yes,1003001200,,,,,
788,0003102001,yes,0002003101,,,,,
789,0003000112,yes,0000113002,,,,,
790,0000300121,yes,0000120301,,,,,
791,0301102000,yes,0302001100,,,,,
792,1002103000,yes,1003002100,,,,,
793,0030100201,yes,0030200101,,,,,
794,0003102100,yes,0002103100,,,,,
795,0000102031,yes,0002030101,,,,,
796,0002010310,yes,0000312010,,,,,
797,0203101000,yes,0201003100,,,,,
798,0102010300,yes,0100302010,,,,,
799,0013010020,yes,0010023010,,,,,
800,0311002000,yes,0312001000,,,,,
801,0002000311,yes,0000312001,,,,,
802,0000200311,yes,0000310201,,,,,
803,0010012030,no,,,,,,
804,0100310200,yes,0100200310,,,,,
805,0030200110,yes,0030110200,,,,,
806,0001100230,yes,0000231100,,,,,
807,0100213000,yes,0103000210,,,,,
808,0001302010,yes,0002011300,,,,,
809,0000101230,yes,0001230100,,,,,
810,0121000300,yes,0120301000,,,,,
811,0000031201,yes,0001200031,,,,,
812,0001231000,yes,0001001230,,,,,
813,0002011030,yes,0001032010,,,,,
814,0003001012,yes,0001013002,,,,,
815,0000032101,yes,0002100031,,,,,
816,0001001032,yes,0001031002,,,,,
817,0102301000,yes,0101002300,,,,,
818,0002101003,yes,0001002103,,,,,
819,0000030121,yes,0000120031,,,,,
820,0003010021,yes,0000023011,,,,,
821,0010010230,no,,,,,,
822,0100301020,yes,0101020300,,,,,
823,0000321001,yes,0001000321,,,,,
824,0103021000,yes,0101003020,,,,,
825,0010023001,yes,0013000021,,,,,
826,0020031010,yes,0021010030,,,,,
827,0100102300,no,,,,,,
828,0001032100,yes,0002101030,,,,,
829,0030101002,yes,0031000102,,,,,
830,0013100200,yes,0010203100,,,,,
831,0000201013,yes,0001010203,,,,,
832,0100210300,yes,0100300210,,,,,
833,0201003100,yes,0203101000,,,,,
834,0000031012,yes,0001010032,,,,,
835,0101003002,yes,0103001002,,,,,
836,0000021013,yes,0001010023,,,,,
837,0100123000,yes,0103000120,,,,,
838,0000201310,yes,0001310200,,,,,
839,0001301200,yes,0001201300,,,,,
